{
  "model": "nomic-ai/nomic-embed-text-v1.5",
  "dataset": "msmarco",
  "k": 10,
  "use_reranker": true,
  "initial_k": 100,
  "metrics": {
    "NDCG@10": 0.7067601198924177,
    "MRR@10": 0.6333809523809523,
    "queries_evaluated": 50,
    "total_reranking_cost": 0.020357300000000002,
    "total_tokens_reranked": 407146,
    "total_reranking_requests": 50,
    "average_cost_per_query": 0.00040714600000000005
  }
}