{
  "model": "voyageai/voyage-3-large",
  "dataset": "msmarco",
  "k": 10,
  "use_reranker": true,
  "initial_k": 100,
  "metrics": {
    "NDCG@10": 0.6975336763284196,
    "MRR@10": 0.6277142857142857,
    "queries_evaluated": 50,
    "total_reranking_cost": 0.018184150000000007,
    "total_tokens_reranked": 363683,
    "total_reranking_requests": 50,
    "average_cost_per_query": 0.0003636830000000001
  }
}