{
  "model": "BAAI/bge-m3",
  "dataset": "climate-fever",
  "k": 10,
  "use_reranker": false,
  "initial_k": 10,
  "metrics": {
    "MRR@10": 0.46307936507936504,
    "NDCG@10": 0.36560305706464463
  }
}