{
  "model": "BAAI/bge-m3",
  "dataset": "fiqa",
  "k": 10,
  "use_reranker": false,
  "initial_k": 10,
  "metrics": {
    "MRR@10": 0.6522222222222223,
    "NDCG@10": 0.5741469375954493
  }
}