{
  "model": "BAAI/bge-m3",
  "dataset": "quora",
  "k": 10,
  "use_reranker": false,
  "initial_k": 10,
  "metrics": {
    "MRR@10": 0.9516666666666665,
    "NDCG@10": 0.953663947008998
  }
}