{
  "model": "BAAI/bge-m3",
  "dataset": "scifact",
  "k": 10,
  "use_reranker": false,
  "initial_k": 10,
  "metrics": {
    "MRR@10": 0.6086666666666667,
    "NDCG@10": 0.6478196061688112
  }
}