{
  "model": "BAAI/bge-m3",
  "dataset": "nq",
  "k": 10,
  "use_reranker": false,
  "initial_k": 10,
  "metrics": {
    "MRR@10": 0.6753333333333333,
    "NDCG@10": 0.6853988654739034
  }
}