{
  "model": "BAAI/bge-m3",
  "dataset": "msmarco",
  "k": 10,
  "use_reranker": false,
  "initial_k": 10,
  "metrics": {
    "MRR@10": 0.5338333333333334,
    "NDCG@10": 0.6134753417014687
  }
}