{
  "model": "BAAI/bge-m3",
  "dataset": "touche",
  "k": 10,
  "use_reranker": false,
  "initial_k": 10,
  "metrics": {
    "MRR@10": 0.6350583090379008,
    "NDCG@10": 0.48535620163694854
  }
}