{
  "model": "BAAI/bge-m3",
  "dataset": "msmarco",
  "k": 10,
  "use_reranker": true,
  "initial_k": 100,
  "metrics": {
    "MRR@10": 0.646047619047619,
    "NDCG@10": 0.7161472074898875,
    "total_reranking_cost": 0.019537350000000002,
    "total_tokens_reranked": 390747
  }
}