{
  "model": "BAAI/bge-m3",
  "dataset": "hotpot",
  "k": 10,
  "use_reranker": true,
  "initial_k": 100,
  "metrics": {
    "MRR@10": 0.9766666666666666,
    "NDCG@10": 0.9361124669495773,
    "total_reranking_cost": 0.0281889,
    "total_tokens_reranked": 563778
  }
}