{
  "model": "BAAI/bge-m3",
  "dataset": "climate-fever",
  "k": 10,
  "use_reranker": true,
  "initial_k": 100,
  "metrics": {
    "MRR@10": 0.4618015873015873,
    "NDCG@10": 0.3501024797342357,
    "total_reranking_cost": 0.08470029999999998,
    "total_tokens_reranked": 1694006
  }
}