{
  "model": "BAAI/bge-m3",
  "dataset": "touche",
  "k": 10,
  "use_reranker": true,
  "initial_k": 100,
  "metrics": {
    "MRR@10": 0.8622448979591837,
    "NDCG@10": 0.5633217025932635,
    "total_reranking_cost": 0.1254763,
    "total_tokens_reranked": 2509526
  }
}