{
  "model": "intfloat/e5-mistral-7b-instruct",
  "dataset": "hotpot",
  "k": 10,
  "use_reranker": false,
  "initial_k": 10,
  "metrics": {
    "MRR@10": 0.28007936507936504,
    "NDCG@10": 0.34259570046798227
  }
}