{
  "model": "intfloat/e5-mistral-7b-instruct",
  "dataset": "touche",
  "k": 10,
  "use_reranker": true,
  "initial_k": 100,
  "metrics": {
    "MRR@10": 0.04506802721088435,
    "NDCG@10": 0.058715738539399584,
    "total_reranking_cost": 0.04614650000000001,
    "total_tokens_reranked": 922930
  }
}