{
  "model": "intfloat/e5-mistral-7b-instruct",
  "dataset": "hotpot",
  "k": 10,
  "use_reranker": true,
  "initial_k": 100,
  "metrics": {
    "MRR@10": 0.9566666666666666,
    "NDCG@10": 0.8642510286557256,
    "total_reranking_cost": 0.022303900000000005,
    "total_tokens_reranked": 446078
  }
}