{
  "model": "intfloat/e5-mistral-7b-instruct",
  "dataset": "scifact",
  "k": 10,
  "use_reranker": true,
  "initial_k": 100,
  "metrics": {
    "MRR@10": 0.5583333333333333,
    "NDCG@10": 0.5780990087886471,
    "total_reranking_cost": 0.05763549999999999,
    "total_tokens_reranked": 1152710
  }
}