{
  "model": "intfloat/e5-mistral-7b-instruct",
  "dataset": "climate-fever",
  "k": 10,
  "use_reranker": true,
  "initial_k": 100,
  "metrics": {
    "MRR@10": 0.22538095238095235,
    "NDCG@10": 0.2624009057406308,
    "total_reranking_cost": 0.08055500000000002,
    "total_tokens_reranked": 1611100
  }
}