{
  "model": "intfloat/e5-mistral-7b-instruct",
  "dataset": "arguana",
  "k": 10,
  "use_reranker": true,
  "initial_k": 100,
  "metrics": {
    "MRR@10": 0.3016666666666667,
    "NDCG@10": 0.35976360034338595,
    "total_reranking_cost": 0.1254251,
    "total_tokens_reranked": 2508502
  }
}