{
  "model": "intfloat/e5-mistral-7b-instruct",
  "dataset": "nq",
  "k": 10,
  "use_reranker": false,
  "initial_k": 10,
  "metrics": {
    "MRR@10": 0.38534920634920633,
    "NDCG@10": 0.4598038219144577
  }
}