{
  "model": "intfloat/e5-mistral-7b-instruct",
  "dataset": "scifact",
  "k": 10,
  "use_reranker": true,
  "initial_k": 100,
  "metrics": {
    "MRR@10": 0.5890000000000001,
    "NDCG@10": 0.6001445866969519,
    "total_reranking_cost": 0.05762164999999999,
    "total_tokens_reranked": 1152433
  }
}