{
  "model": "intfloat/e5-mistral-7b-instruct",
  "dataset": "hotpot",
  "k": 10,
  "use_reranker": false,
  "initial_k": 10,
  "metrics": {
    "MRR@10": 0.5334444444444444,
    "NDCG@10": 0.4817495512129443
  }
}