{
  "model": "intfloat/e5-mistral-7b-instruct",
  "dataset": "hotpot",
  "k": 10,
  "use_reranker": true,
  "initial_k": 100,
  "metrics": {
    "MRR@10": 0.6316666666666667,
    "NDCG@10": 0.6954909812607822,
    "total_reranking_cost": 0.022301100000000004,
    "total_tokens_reranked": 446022
  }
}