{
  "model": "intfloat/e5-mistral-7b-instruct",
  "dataset": "scifact",
  "k": 10,
  "use_reranker": false,
  "initial_k": 10,
  "metrics": {
    "MRR@10": 0.27588095238095234,
    "NDCG@10": 0.30195866918583264
  }
}