{
  "model": "intfloat/e5-mistral-7b-instruct",
  "dataset": "quora",
  "k": 10,
  "use_reranker": false,
  "initial_k": 10,
  "metrics": {
    "MRR@10": 0.8816666666666667,
    "NDCG@10": 0.9053579880305022
  }
}