{
  "model": "intfloat/e5-mistral-7b-instruct",
  "dataset": "nfcorpus",
  "k": 10,
  "use_reranker": true,
  "initial_k": 100,
  "metrics": {
    "MRR@10": 0.049523809523809526,
    "NDCG@10": 0.06640940548025626,
    "total_reranking_cost": 0.057064500000000004,
    "total_tokens_reranked": 1141290
  }
}