{
  "model": "intfloat/e5-mistral-7b-instruct",
  "dataset": "fiqa",
  "k": 10,
  "use_reranker": false,
  "initial_k": 10,
  "metrics": {
    "MRR@10": 0.11205555555555553,
    "NDCG@10": 0.14599656320031806
  }
}