{
  "model": "intfloat/e5-mistral-7b-instruct",
  "dataset": "nfcorpus",
  "k": 10,
  "use_reranker": false,
  "initial_k": 10,
  "metrics": {
    "MRR@10": 0.3859126984126984,
    "NDCG@10": 0.20381602998885076
  }
}