{
  "model": "intfloat/e5-mistral-7b-instruct",
  "dataset": "dbpedia",
  "k": 10,
  "use_reranker": true,
  "initial_k": 100,
  "metrics": {
    "MRR@10": 0.8723333333333335,
    "NDCG@10": 0.7362446689165365,
    "total_reranking_cost": 0.01901285,
    "total_tokens_reranked": 380257
  }
}