{
  "model": "intfloat/e5-mistral-7b-instruct",
  "dataset": "fiqa",
  "k": 10,
  "use_reranker": false,
  "initial_k": 10,
  "metrics": {
    "MRR@10": 0.2357222222222222,
    "NDCG@10": 0.19083440946707014
  }
}