{
  "model": "intfloat/e5-mistral-7b-instruct",
  "dataset": "arguana",
  "k": 10,
  "use_reranker": false,
  "initial_k": 10,
  "metrics": {
    "MRR@10": 0.21585714285714283,
    "NDCG@10": 0.2608170866111873
  }
}