{
  "model": "intfloat/e5-mistral-7b-instruct",
  "dataset": "dbpedia",
  "k": 10,
  "use_reranker": false,
  "initial_k": 10,
  "metrics": {
    "MRR@10": 0.7235238095238095,
    "NDCG@10": 0.5152240727534175
  }
}