{
  "model": "intfloat/e5-mistral-7b-instruct",
  "dataset": "nfcorpus",
  "k": 10,
  "use_reranker": false,
  "initial_k": 10,
  "metrics": {
    "MRR@10": 0.03783333333333333,
    "NDCG@10": 0.05209059406207233
  }
}