{
  "model": "intfloat/e5-mistral-7b-instruct",
  "dataset": "msmarco",
  "k": 10,
  "use_reranker": false,
  "initial_k": 10,
  "metrics": {
    "MRR@10": 0.3081904761904762,
    "NDCG@10": 0.38403455647309614
  }
}