{
  "model": "intfloat/e5-mistral-7b-instruct",
  "dataset": "dbpedia",
  "k": 10,
  "use_reranker": false,
  "initial_k": 10,
  "metrics": {
    "MRR@10": 0.1336904761904762,
    "NDCG@10": 0.17271870301597084
  }
}