{
  "model": "intfloat/e5-mistral-7b-instruct",
  "dataset": "msmarco",
  "k": 10,
  "use_reranker": true,
  "initial_k": 100,
  "metrics": {
    "MRR@10": 0.5929365079365079,
    "NDCG@10": 0.6576700611345663,
    "total_reranking_cost": 0.018078950000000003,
    "total_tokens_reranked": 361579
  }
}