{
  "model": "nomic-ai/nomic-embed-text-v1.5",
  "dataset": "quora",
  "k": 10,
  "use_reranker": false,
  "initial_k": 10,
  "metrics": {
    "MRR@10": 0.8456666666666667,
    "NDCG@10": 0.8820621577347336
  }
}