{
  "model": "nomic-ai/nomic-embed-text-v1.5",
  "dataset": "nfcorpus",
  "k": 10,
  "use_reranker": true,
  "initial_k": 100,
  "metrics": {
    "MRR@10": 0.06585714285714285,
    "NDCG@10": 0.08737796909890663,
    "total_reranking_cost": 0.08535555,
    "total_tokens_reranked": 1707111
  }
}