{
  "model": "nomic-ai/nomic-embed-text-v1.5",
  "dataset": "hotpot",
  "k": 10,
  "use_reranker": true,
  "initial_k": 100,
  "metrics": {
    "MRR@10": 0.9766666666666666,
    "NDCG@10": 0.9396572526852583,
    "total_reranking_cost": 0.028475199999999996,
    "total_tokens_reranked": 569504
  }
}