{
  "model": "nomic-ai/nomic-embed-text-v1.5",
  "dataset": "scidocs",
  "k": 10,
  "use_reranker": true,
  "initial_k": 100,
  "metrics": {
    "MRR@10": 0.23850859788359788,
    "NDCG@10": 0.2806515316180231,
    "total_reranking_cost": 0.0531126,
    "total_tokens_reranked": 1062252
  }
}