{
  "model": "nomic-ai/nomic-embed-text-v1.5",
  "dataset": "fever",
  "k": 10,
  "use_reranker": false,
  "initial_k": 10,
  "metrics": {
    "MRR@10": 0.9006666666666666,
    "NDCG@10": 0.9103556512161199
  }
}