{
  "model": "nomic-ai/nomic-embed-text-v1.5",
  "dataset": "touche",
  "k": 10,
  "use_reranker": false,
  "initial_k": 10,
  "metrics": {
    "MRR@10": 0.09064625850340137,
    "NDCG@10": 0.14509227210249295
  }
}