{
  "model": "nomic-ai/nomic-embed-text-v1.5",
  "dataset": "msmarco",
  "k": 10,
  "use_reranker": true,
  "initial_k": 100,
  "metrics": {
    "MRR@10": 0.646047619047619,
    "NDCG@10": 0.7161472074898875,
    "total_reranking_cost": 0.020333749999999998,
    "total_tokens_reranked": 406675
  }
}