{
  "model": "nomic-ai/nomic-embed-text-v1.5",
  "dataset": "nq",
  "k": 10,
  "use_reranker": false,
  "initial_k": 10,
  "metrics": {
    "MRR@10": 0.6873333333333334,
    "NDCG@10": 0.7026111131112802
  }
}