{
  "model": "nomic-ai/nomic-embed-text-v1.5",
  "dataset": "hotpot",
  "k": 10,
  "use_reranker": false,
  "initial_k": 10,
  "metrics": {
    "MRR@10": 0.8864444444444445,
    "NDCG@10": 0.8065294534921595
  }
}