{
  "model": "nomic-ai/nomic-embed-text-v1.5",
  "dataset": "scidocs",
  "k": 10,
  "use_reranker": false,
  "initial_k": 10,
  "metrics": {
    "MRR@10": 0.21856812169312168,
    "NDCG@10": 0.2792846873641454
  }
}