{
  "model": "nomic-ai/nomic-embed-text-v1.5",
  "dataset": "scidocs",
  "k": 10,
  "use_reranker": false,
  "initial_k": 10,
  "metrics": {
    "MRR@10": 0.5758571428571427,
    "NDCG@10": 0.38457400978742534
  }
}