{
  "model": "nomic-ai/nomic-embed-text-v1.5",
  "dataset": "nfcorpus",
  "k": 10,
  "use_reranker": false,
  "initial_k": 10,
  "metrics": {
    "MRR@10": 0.47172222222222215,
    "NDCG@10": 0.32619261344885137
  }
}