{
  "model": "nomic-ai/nomic-embed-text-v1.5",
  "dataset": "dbpedia",
  "k": 10,
  "use_reranker": true,
  "initial_k": 100,
  "metrics": {
    "MRR@10": 0.8883333333333333,
    "NDCG@10": 0.7342855070263448,
    "total_reranking_cost": 0.022459900000000005,
    "total_tokens_reranked": 449198
  }
}