{
  "model": "nomic-ai/nomic-embed-text-v1.5",
  "dataset": "nfcorpus",
  "k": 10,
  "use_reranker": true,
  "initial_k": 100,
  "metrics": {
    "MRR@10": 0.6060238095238095,
    "NDCG@10": 0.39399696710096527,
    "total_reranking_cost": 0.08446320000000002,
    "total_tokens_reranked": 1689264
  }
}