{
  "model": "nomic-ai/nomic-embed-text-v1.5",
  "dataset": "fever",
  "k": 10,
  "use_reranker": false,
  "initial_k": 10,
  "metrics": {
    "MRR@10": 0.9706666666666667,
    "NDCG@10": 0.9420960443057002
  }
}