{
  "model": "nomic-ai/nomic-embed-text-v1.5",
  "dataset": "msmarco",
  "k": 10,
  "use_reranker": false,
  "initial_k": 10,
  "metrics": {
    "MRR@10": 0.5368571428571429,
    "NDCG@10": 0.5925795457057265
  }
}