{
  "model": "nomic-ai/nomic-embed-text-v1.5",
  "dataset": "fiqa",
  "k": 10,
  "use_reranker": false,
  "initial_k": 10,
  "metrics": {
    "MRR@10": 0.5756666666666667,
    "NDCG@10": 0.48479505707486864
  }
}