{
  "model": "nomic-ai/nomic-embed-text-v1.5",
  "dataset": "touche",
  "k": 10,
  "use_reranker": false,
  "initial_k": 10,
  "metrics": {
    "MRR@10": 0.7957482993197278,
    "NDCG@10": 0.5464220286280018
  }
}