{
  "model": "nomic-ai/nomic-embed-text-v1.5",
  "dataset": "scifact",
  "k": 10,
  "use_reranker": false,
  "initial_k": 10,
  "metrics": {
    "MRR@10": 0.6560555555555555,
    "NDCG@10": 0.7052481911606178
  }
}