{
  "model": "nvidia/NV-Embed-v2",
  "dataset": "climate-fever",
  "k": 10,
  "use_reranker": true,
  "initial_k": 100,
  "use_sentence_transformer": true,
  "metrics": {
    "MRR@10": 0.4519365079365079,
    "NDCG@10": 0.33541334948324747,
    "total_reranking_cost": 0.08899574999999998,
    "total_tokens_reranked": 1779915
  }
}