{
  "model": "nvidia/llama-3.2-nv-embedqa-1b-v2",
  "dataset": "hotpot",
  "k": 10,
  "use_reranker": true,
  "initial_k": 100,
  "use_sentence_transformer": false,
  "metrics": {
    "MRR@10": 0.9766666666666666,
    "NDCG@10": 0.9353569922087439,
    "total_reranking_cost": 0.029952099999999995,
    "total_tokens_reranked": 599042
  }
}