{
  "model": "nvidia/llama-3.2-nv-embedqa-1b-v2",
  "dataset": "arguana",
  "k": 10,
  "use_reranker": true,
  "initial_k": 100,
  "use_sentence_transformer": false,
  "metrics": {
    "MRR@10": 0.5703571428571428,
    "NDCG@10": 0.6854355854135882,
    "total_reranking_cost": 0.12636964999999997,
    "total_tokens_reranked": 2527393
  }
}