{
  "model": "nvidia/NV-Embed-v2",
  "dataset": "fever",
  "k": 10,
  "use_reranker": true,
  "initial_k": 100,
  "use_sentence_transformer": true,
  "metrics": {
    "MRR@10": 0.9306666666666666,
    "NDCG@10": 0.9380607923351478,
    "total_reranking_cost": 0.06683120000000002,
    "total_tokens_reranked": 1336624
  }
}