{
  "model": "nvidia/llama-3.2-nv-embedqa-1b-v2",
  "dataset": "fever",
  "k": 10,
  "use_reranker": true,
  "initial_k": 100,
  "use_sentence_transformer": false,
  "metrics": {
    "MRR@10": 0.9291666666666666,
    "NDCG@10": 0.9335725093873586,
    "total_reranking_cost": 0.07911864999999997,
    "total_tokens_reranked": 1582373
  }
}