{
  "model": "nvidia/NV-Embed-v2",
  "dataset": "msmarco",
  "k": 10,
  "use_reranker": true,
  "initial_k": 100,
  "use_sentence_transformer": true,
  "metrics": {
    "MRR@10": 0.646047619047619,
    "NDCG@10": 0.7161472074898875,
    "total_reranking_cost": 0.019201250000000003,
    "total_tokens_reranked": 384025
  }
}