{
  "model": "voyageai/voyage-3-large",
  "dataset": "scidocs",
  "k": 10,
  "use_reranker": false,
  "initial_k": 10,
  "metrics": {
    "MRR@10": 0.6743303571428573,
    "NDCG@10": 0.491714942853015
  }
}