{
  "model": "voyageai/voyage-3",
  "dataset": "dbpedia",
  "k": 10,
  "use_reranker": true,
  "initial_k": 100,
  "metrics": {
    "MRR@10": 0.8783333333333333,
    "NDCG@10": 0.7345790606495005,
    "total_reranking_cost": 0.02133275,
    "total_tokens_reranked": 426655
  }
}