{
  "model": "voyageai/voyage-3",
  "dataset": "hotpot",
  "k": 10,
  "use_reranker": false,
  "initial_k": 10,
  "metrics": {
    "MRR@10": 0.46252380952380956,
    "NDCG@10": 0.5476317602168305
  }
}