{
  "model": "voyageai/voyage-3-lite",
  "dataset": "arguana",
  "k": 10,
  "use_reranker": false,
  "initial_k": 10,
  "metrics": {
    "MRR@10": 0.47204761904761894,
    "NDCG@10": 0.582526458727973
  }
}