{
  "model": "voyageai/voyage-3-lite",
  "dataset": "hotpot",
  "k": 10,
  "use_reranker": false,
  "initial_k": 10,
  "metrics": {
    "MRR@10": 0.8566666666666667,
    "NDCG@10": 0.7518462926176273
  }
}