{
  "model": "voyageai/voyage-3-lite",
  "dataset": "dbpedia",
  "k": 10,
  "use_reranker": true,
  "initial_k": 100,
  "metrics": {
    "MRR@10": 0.8766666666666666,
    "NDCG@10": 0.703915773456075,
    "total_reranking_cost": 0.018103699999999993,
    "total_tokens_reranked": 362074
  }
}