{
  "model": "voyageai/voyage-3",
  "dataset": "arguana",
  "k": 10,
  "use_reranker": true,
  "initial_k": 100,
  "metrics": {
    "MRR@10": 0.5663571428571428,
    "NDCG@10": 0.6576805220812958,
    "total_reranking_cost": 0.11623059999999998,
    "total_tokens_reranked": 2324612
  }
}