{
  "model": "voyageai/voyage-3",
  "dataset": "nfcorpus",
  "k": 10,
  "use_reranker": true,
  "initial_k": 100,
  "metrics": {
    "MRR@10": 0.06272222222222222,
    "NDCG@10": 0.08042260480980502,
    "total_reranking_cost": 0.08359379999999998,
    "total_tokens_reranked": 1671876
  }
}