{
  "model": "voyageai/voyage-3-lite",
  "dataset": "nq",
  "k": 10,
  "use_reranker": false,
  "initial_k": 10,
  "metrics": {
    "MRR@10": 0.5138333333333334,
    "NDCG@10": 0.5584446609038562
  }
}