{
  "model": "voyageai/voyage-3-large",
  "dataset": "msmarco",
  "k": 10,
  "use_reranker": false,
  "initial_k": 10,
  "metrics": {
    "MRR@10": 0.5156904761904761,
    "NDCG@10": 0.6092429934832668
  }
}