{
  "model": "voyageai/voyage-3",
  "dataset": "scifact",
  "k": 10,
  "use_reranker": false,
  "initial_k": 10,
  "metrics": {
    "MRR@10": 0.7545238095238095,
    "NDCG@10": 0.7898163853084337
  }
}