{
  "model": "voyageai/voyage-3-lite",
  "dataset": "fever",
  "k": 10,
  "use_reranker": true,
  "initial_k": 100,
  "metrics": {
    "MRR@10": 0.9306666666666666,
    "NDCG@10": 0.9338522664717882,
    "total_reranking_cost": 0.07018355,
    "total_tokens_reranked": 1403671
  }
}