{
  "model": "voyageai/voyage-3-large",
  "dataset": "nfcorpus",
  "k": 10,
  "use_reranker": false,
  "initial_k": 10,
  "metrics": {
    "MRR@10": 0.5531269841269841,
    "NDCG@10": 0.40744136252268226
  }
}