{
  "model": "voyageai/voyage-3-lite",
  "dataset": "climate-fever",
  "k": 10,
  "use_reranker": false,
  "initial_k": 10,
  "metrics": {
    "MRR@10": 0.36813492063492054,
    "NDCG@10": 0.292413564100794
  }
}