{
  "model": "voyageai/voyage-3",
  "dataset": "fiqa",
  "k": 10,
  "use_reranker": true,
  "initial_k": 100,
  "metrics": {
    "MRR@10": 0.44974603174603167,
    "NDCG@10": 0.5069659246550486,
    "total_reranking_cost": 0.0553225,
    "total_tokens_reranked": 1106450
  }
}