{
  "model": "voyageai/voyage-3-large",
  "dataset": "fiqa",
  "k": 10,
  "use_reranker": false,
  "initial_k": 10,
  "metrics": {
    "MRR@10": 0.48019047619047606,
    "NDCG@10": 0.534723760491439
  }
}