{
  "model": "voyageai/voyage-3-lite",
  "dataset": "climate-fever",
  "k": 10,
  "use_reranker": false,
  "initial_k": 10,
  "metrics": {
    "MRR@10": 0.18985714285714286,
    "NDCG@10": 0.2260414233109402
  }
}