{
  "model": "voyageai/voyage-3",
  "dataset": "msmarco",
  "k": 10,
  "use_reranker": true,
  "initial_k": 100,
  "metrics": {
    "MRR@10": 0.648047619047619,
    "NDCG@10": 0.7219285040162453,
    "total_reranking_cost": 0.01934575000000001,
    "total_tokens_reranked": 386915
  }
}