{
  "model": "voyageai/voyage-3",
  "dataset": "touche",
  "k": 10,
  "use_reranker": false,
  "initial_k": 10,
  "metrics": {
    "MRR@10": 0.7116456106252025,
    "NDCG@10": 0.5219563165550563
  }
}