{
  "model": "voyageai/voyage-3",
  "dataset": "fever",
  "k": 10,
  "use_reranker": false,
  "initial_k": 10,
  "metrics": {
    "MRR@10": 0.8566666666666667,
    "NDCG@10": 0.8678901942751632
  }
}