{
  "model": "voyageai/voyage-3",
  "dataset": "climate-fever",
  "k": 10,
  "use_reranker": false,
  "initial_k": 10,
  "metrics": {
    "MRR@10": 0.1765793650793651,
    "NDCG@10": 0.23420108426543604
  }
}