{
  "model": "voyageai/voyage-3-lite",
  "dataset": "nq",
  "k": 10,
  "use_reranker": true,
  "initial_k": 100,
  "metrics": {
    "MRR@10": 0.7551666666666667,
    "NDCG@10": 0.7905255343683315,
    "total_reranking_cost": 0.028701350000000007,
    "total_tokens_reranked": 574027
  }
}