{
  "model": "voyageai/voyage-3-large",
  "dataset": "dbpedia",
  "k": 10,
  "use_reranker": false,
  "initial_k": 10,
  "metrics": {
    "MRR@10": 0.8689999999999999,
    "NDCG@10": 0.6905053381745606
  }
}