{
  "model": "voyageai/voyage-3-large",
  "dataset": "dbpedia",
  "k": 10,
  "use_reranker": false,
  "initial_k": 10,
  "metrics": {
    "MRR@10": 0.17352380952380955,
    "NDCG@10": 0.2230800304664965
  }
}