{
  "model": "voyageai/voyage-3-lite",
  "dataset": "touche",
  "k": 10,
  "use_reranker": false,
  "initial_k": 10,
  "metrics": {
    "MRR@10": 0.07357466796242307,
    "NDCG@10": 0.12718710692812416
  }
}