{
  "model": "voyageai/voyage-3-lite",
  "dataset": "arguana",
  "k": 10,
  "use_reranker": true,
  "initial_k": 100,
  "metrics": {
    "MRR@10": 0.5713571428571428,
    "NDCG@10": 0.6662940532427636,
    "total_reranking_cost": 0.11652549999999998,
    "total_tokens_reranked": 2330510
  }
}