{
  "model": "voyageai/voyage-3-lite",
  "dataset": "hotpot",
  "k": 10,
  "use_reranker": true,
  "initial_k": 100,
  "metrics": {
    "MRR@10": 0.9766666666666666,
    "NDCG@10": 0.9327703060167702,
    "total_reranking_cost": 0.024349799999999998,
    "total_tokens_reranked": 486996
  }
}