{
  "model": "voyageai/voyage-3-large",
  "dataset": "fever",
  "k": 10,
  "use_reranker": true,
  "initial_k": 100,
  "metrics": {
    "MRR@10": 0.8766666666666666,
    "NDCG@10": 0.9028357141707353,
    "total_reranking_cost": 0.07282379999999998,
    "total_tokens_reranked": 1456476
  }
}