{
  "model": "voyageai/voyage-3-large",
  "dataset": "nq",
  "k": 10,
  "use_reranker": false,
  "initial_k": 10,
  "metrics": {
    "MRR@10": 0.8018253968253969,
    "NDCG@10": 0.8240769449312174
  }
}