{
  "model": "voyageai/voyage-3-large",
  "dataset": "fever",
  "k": 10,
  "use_reranker": false,
  "initial_k": 10,
  "metrics": {
    "MRR@10": 0.9183333333333334,
    "NDCG@10": 0.9250524838252296
  }
}