{
  "model": "voyageai/voyage-3-lite",
  "dataset": "fiqa",
  "k": 10,
  "use_reranker": false,
  "initial_k": 10,
  "metrics": {
    "MRR@10": 0.3688333333333334,
    "NDCG@10": 0.4225013967337339
  }
}