{
  "model": "voyageai/voyage-3",
  "dataset": "fiqa",
  "k": 10,
  "use_reranker": false,
  "initial_k": 10,
  "metrics": {
    "MRR@10": 0.6876666666666666,
    "NDCG@10": 0.6036577882555477
  }
}