{
  "model": "voyageai/voyage-3-large",
  "dataset": "quora",
  "k": 10,
  "use_reranker": false,
  "initial_k": 10,
  "metrics": {
    "MRR@10": 0.8153809523809524,
    "NDCG@10": 0.8430816309620373
  }
}