{
  "model": "voyageai/voyage-3-lite",
  "dataset": "fever",
  "k": 10,
  "use_reranker": false,
  "initial_k": 10,
  "metrics": {
    "MRR@10": 0.755079365079365,
    "NDCG@10": 0.8056258993314569
  }
}