{
  "model": "voyageai/voyage-3",
  "dataset": "hotpot",
  "k": 10,
  "use_reranker": true,
  "initial_k": 100,
  "metrics": {
    "MRR@10": 0.6099999999999999,
    "NDCG@10": 0.6848361538943771,
    "total_reranking_cost": 0.026305799999999994,
    "total_tokens_reranked": 526116
  }
}