{
  "model": "voyageai/voyage-3-large",
  "dataset": "hotpot",
  "k": 10,
  "use_reranker": false,
  "initial_k": 10,
  "metrics": {
    "MRR@10": 0.5399444444444444,
    "NDCG@10": 0.6279039376776041
  }
}