{
  "model": "voyageai/voyage-3-large",
  "dataset": "nq",
  "k": 10,
  "use_reranker": false,
  "initial_k": 10,
  "metrics": {
    "MRR@10": 0.7518253968253967,
    "NDCG@10": 0.7969266970728711
  }
}