{
  "model": "voyageai/voyage-3-lite",
  "dataset": "hotpot",
  "k": 10,
  "use_reranker": false,
  "initial_k": 10,
  "metrics": {
    "MRR@10": 0.46555555555555556,
    "NDCG@10": 0.5236819004348278
  }
}