{
  "model": "voyageai/voyage-3-lite",
  "dataset": "touche",
  "k": 10,
  "use_reranker": true,
  "initial_k": 100,
  "metrics": {
    "MRR@10": 0.8724489795918368,
    "NDCG@10": 0.5737667433755016,
    "total_reranking_cost": 0.11532339999999998,
    "total_tokens_reranked": 2306468
  }
}