{
  "model": "voyageai/voyage-3-large",
  "dataset": "scidocs",
  "k": 10,
  "use_reranker": true,
  "initial_k": 100,
  "metrics": {
    "MRR@10": 0.5820271164021162,
    "NDCG@10": 0.35754197613225275,
    "total_reranking_cost": 0.051251649999999996,
    "total_tokens_reranked": 1025033
  }
}