{
  "model": "voyageai/voyage-3-large",
  "dataset": "fiqa",
  "k": 10,
  "use_reranker": true,
  "initial_k": 100,
  "metrics": {
    "MRR@10": 0.6795555555555555,
    "NDCG@10": 0.6345851951189738,
    "total_reranking_cost": 0.056785800000000004,
    "total_tokens_reranked": 1135716
  }
}