{
  "model": "voyageai/voyage-3",
  "dataset": "fever",
  "k": 10,
  "use_reranker": false,
  "initial_k": 10,
  "metrics": {
    "MRR@10": 0.7866666666666667,
    "NDCG@10": 0.8307944179657981
  }
}