{
  "model": "voyageai/voyage-3-lite",
  "dataset": "fiqa",
  "k": 10,
  "use_reranker": false,
  "initial_k": 10,
  "metrics": {
    "MRR@10": 0.5810555555555557,
    "NDCG@10": 0.5265879676234978
  }
}