{
  "model": "voyageai/voyage-3-lite",
  "dataset": "scifact",
  "k": 10,
  "use_reranker": true,
  "initial_k": 100,
  "metrics": {
    "MRR@10": 0.7487142857142857,
    "NDCG@10": 0.7680104808636837,
    "total_reranking_cost": 0.083528,
    "total_tokens_reranked": 1670560
  }
}