{
  "model": "voyageai/voyage-3",
  "dataset": "quora",
  "k": 10,
  "use_reranker": true,
  "initial_k": 100,
  "metrics": {
    "MRR@10": 0.94,
    "NDCG@10": 0.9523172092499914,
    "total_reranking_cost": 0.0050452499999999985,
    "total_tokens_reranked": 100905
  }
}