{
  "model": "voyageai/voyage-3",
  "dataset": "msmarco",
  "k": 10,
  "use_reranker": false,
  "initial_k": 10,
  "metrics": {
    "MRR@10": 0.4942222222222221,
    "NDCG@10": 0.5592945448410233
  }
}