{
  "model": "voyageai/voyage-3-large",
  "dataset": "fever",
  "k": 10,
  "use_reranker": false,
  "initial_k": 10,
  "metrics": {
    "MRR@10": 0.8675000000000002,
    "NDCG@10": 0.9006343991257573
  }
}