{
  "model": "voyageai/voyage-3-lite",
  "dataset": "scidocs",
  "k": 10,
  "use_reranker": false,
  "initial_k": 10,
  "metrics": {
    "MRR@10": 0.19499007936507937,
    "NDCG@10": 0.23337056316879315
  }
}