{
  "model": "voyageai/voyage-3-lite",
  "dataset": "scifact",
  "k": 10,
  "use_reranker": false,
  "initial_k": 10,
  "metrics": {
    "MRR@10": 0.7450000000000001,
    "NDCG@10": 0.7592949851339682
  }
}