{
  "model": "voyageai/voyage-3-large",
  "dataset": "touche",
  "k": 10,
  "use_reranker": false,
  "initial_k": 10,
  "metrics": {
    "MRR@10": 0.7796728215095562,
    "NDCG@10": 0.528504985018955
  }
}