{
  "model": "voyageai/voyage-3",
  "dataset": "fever",
  "k": 10,
  "use_reranker": true,
  "initial_k": 100,
  "metrics": {
    "MRR@10": 0.9306666666666666,
    "NDCG@10": 0.9341760088084528,
    "total_reranking_cost": 0.07362170000000003,
    "total_tokens_reranked": 1472434
  }
}