{
  "model": "voyageai/voyage-3-lite",
  "dataset": "fiqa",
  "k": 10,
  "use_reranker": true,
  "initial_k": 100,
  "metrics": {
    "MRR@10": 0.4461904761904762,
    "NDCG@10": 0.5041080261966976,
    "total_reranking_cost": 0.053000450000000005,
    "total_tokens_reranked": 1060009
  }
}