{
  "model": "voyageai/voyage-3-large",
  "dataset": "hotpot",
  "k": 10,
  "use_reranker": false,
  "initial_k": 10,
  "metrics": {
    "MRR@10": 0.8998571428571428,
    "NDCG@10": 0.8567051207292231
  }
}