{
  "model": "voyageai/voyage-3-large",
  "dataset": "arguana",
  "k": 10,
  "use_reranker": false,
  "initial_k": 10,
  "metrics": {
    "MRR@10": 0.48532539682539677,
    "NDCG@10": 0.5857363831003276
  }
}