{
  "model": "voyageai/voyage-3-large",
  "dataset": "quora",
  "k": 10,
  "use_reranker": true,
  "initial_k": 100,
  "metrics": {
    "MRR@10": 0.8666666666666666,
    "NDCG@10": 0.9009487605714332,
    "total_reranking_cost": 0.005128600000000001,
    "total_tokens_reranked": 102572
  }
}