{
  "model": "voyageai/voyage-3",
  "dataset": "dbpedia",
  "k": 10,
  "use_reranker": false,
  "initial_k": 10,
  "metrics": {
    "MRR@10": 0.8331666666666666,
    "NDCG@10": 0.6454388550315577
  }
}