{
  "model": "voyageai/voyage-3-lite",
  "dataset": "nfcorpus",
  "k": 10,
  "use_reranker": false,
  "initial_k": 10,
  "metrics": {
    "MRR@10": 0.4646031746031746,
    "NDCG@10": 0.2945132547251568
  }
}