{
  "model": "voyageai/voyage-3-lite",
  "dataset": "climate-fever",
  "k": 10,
  "use_reranker": true,
  "initial_k": 100,
  "metrics": {
    "MRR@10": 0.4611031746031746,
    "NDCG@10": 0.344135555892071,
    "total_reranking_cost": 0.09067555000000004,
    "total_tokens_reranked": 1813511
  }
}