{
  "model": "voyageai/voyage-3-large",
  "dataset": "touche",
  "k": 10,
  "use_reranker": true,
  "initial_k": 100,
  "metrics": {
    "MRR@10": 0.8238095238095238,
    "NDCG@10": 0.5438734136506932,
    "total_reranking_cost": 0.10492894999999997,
    "total_tokens_reranked": 2098579
  }
}