{
  "model": "voyageai/voyage-3",
  "dataset": "fiqa",
  "k": 10,
  "use_reranker": false,
  "initial_k": 10,
  "metrics": {
    "MRR@10": 0.44566666666666677,
    "NDCG@10": 0.48794013763194627
  }
}