{
  "model": "voyageai/voyage-3",
  "dataset": "nfcorpus",
  "k": 10,
  "use_reranker": false,
  "initial_k": 10,
  "metrics": {
    "MRR@10": 0.5115238095238095,
    "NDCG@10": 0.36817164148013826
  }
}