{
  "model": "voyageai/voyage-3-lite",
  "dataset": "fever",
  "k": 10,
  "use_reranker": false,
  "initial_k": 10,
  "metrics": {
    "MRR@10": 0.8134126984126985,
    "NDCG@10": 0.8337534973306946
  }
}