{
  "model": "voyageai/voyage-3",
  "dataset": "nfcorpus",
  "k": 10,
  "use_reranker": false,
  "initial_k": 10,
  "metrics": {
    "MRR@10": 0.06452380952380952,
    "NDCG@10": 0.07789879289956367
  }
}