{
  "model": "voyageai/voyage-3-lite",
  "dataset": "nfcorpus",
  "k": 10,
  "use_reranker": false,
  "initial_k": 10,
  "metrics": {
    "MRR@10": 0.07272222222222222,
    "NDCG@10": 0.09304119988123417
  }
}