{
  "dataset": "nq",
  "model": "voyageai/voyage-3-lite",
  "batch_size": 1000,
  "max_seq_length": 8192,
  "total_duration_seconds": 10.961097955703735,
  "total_tokens": 601483,
  "tokens_per_second": 54874.338540785626
}