{
  "dataset": "fever",
  "model": "voyageai/voyage-3",
  "batch_size": 500,
  "max_seq_length": 8192,
  "total_duration_seconds": 24.022008657455444,
  "total_tokens": 1392955,
  "tokens_per_second": 57986.616350988785
}