{
  "dataset": "hotpot",
  "model": "voyageai/voyage-3",
  "batch_size": 500,
  "max_seq_length": 8192,
  "total_duration_seconds": 14.088462114334106,
  "total_tokens": 433702,
  "tokens_per_second": 30784.197485880028
}