{
  "dataset": "nq",
  "model": "voyageai/voyage-3",
  "batch_size": 500,
  "max_seq_length": 8192,
  "total_duration_seconds": 15.699971199035645,
  "total_tokens": 601483,
  "tokens_per_second": 38311.08938830063
}